{
    "GD02B": {
        "fit_params_err": [
            771.8687069194226,
            0.003139269968966181,
            0.0031392628764261694
        ],
        "low_rms_limit": 4.962311626802265,
        "high_rms_limit": 7.211367987642156,
        "method": "lsqfit",
        "fit_params": [
            106422.60376481416,
            0.3748427268066484,
            6.08683980722221
        ],
        "bl_num": 2128867
    },
    "GD76B": {
        "fit_params_err": [
            957.6579092268635,
            0.0040747883447668784,
            0.004074007410587762
        ],
        "low_rms_limit": 5.201949193197852,
        "high_rms_limit": 7.459419067440298,
        "method": "lsqfit",
        "fit_params": [
            102117.67456219396,
            0.37624497904040766,
            6.330684130319075
        ],
        "bl_num": 2039578
    },
    "GD02A": {
        "fit_params_err": [
            1307.6970593875926,
            0.0024830233383894007,
            0.00248302335086681
        ],
        "low_rms_limit": 3.2406731012959926,
        "high_rms_limit": 4.249724771576038,
        "method": "lsqfit",
        "fit_params": [
            102272.26375315255,
            0.16817527838000765,
            3.7451989364360156
        ],
        "bl_num": 2051196
    },
    "GD35C": {
        "fit_params_err": [
            780.0262153835054,
            0.0014088235680689363,
            0.0014088235750340152
        ],
        "low_rms_limit": 3.072181336636295,
        "high_rms_limit": 4.045582146711686,
        "method": "lsqfit",
        "fit_params": [
            103719.97697581074,
            0.16223346834589855,
            3.5588817416739906
        ],
        "bl_num": 2073726
    },
    "GD61B": {
        "fit_params_err": [
            742.2049440316345,
            0.0032450381127187007,
            0.0032450348978072985
        ],
        "low_rms_limit": 4.175515194962313,
        "high_rms_limit": 6.538634404699994,
        "method": "lsqfit",
        "fit_params": [
            104017.89886433963,
            0.39385320162294674,
            5.357074799831153
        ],
        "bl_num": 2081069
    },
    "GD61C": {
        "fit_params_err": [
            1369.576736857117,
            0.006871221427003072,
            0.006862802361106255
        ],
        "low_rms_limit": 5.386198546932684,
        "high_rms_limit": 8.117980988796825,
        "method": "lsqfit",
        "fit_params": [
            104874.8678894104,
            0.45529707364402333,
            6.752089767864755
        ],
        "bl_num": 2099024
    },
    "GD89B": {
        "fit_params_err": [
            1098.3341178149005,
            0.014652228432668786,
            0.013707556082480995
        ],
        "low_rms_limit": 6.1923984033822475,
        "high_rms_limit": 10.308819969445585,
        "method": "lsqfit",
        "fit_params": [
            61991.70880404993,
            0.6860702610105562,
            8.250609186413916
        ],
        "bl_num": 1364125
    },
    "GD32C": {
        "fit_params_err": [
            1414.1389745946828,
            0.005031147884282499,
            0.00503114788509787
        ],
        "low_rms_limit": 4.495227735640522,
        "high_rms_limit": 6.417303772702437,
        "method": "lsqfit",
        "fit_params": [
            103971.35208977855,
            0.3203460061769858,
            5.456265754171479
        ],
        "bl_num": 2087360
    },
    "GD91B": {
        "fit_params_err": [
            961.0781568758648,
            0.004750870053361095,
            0.0047504192000922775
        ],
        "low_rms_limit": 5.620467219409556,
        "high_rms_limit": 8.318135880589406,
        "method": "lsqfit",
        "fit_params": [
            105031.5457311274,
            0.449611443529975,
            6.969301549999481
        ],
        "bl_num": 2099064
    },
    "GD02D": {
        "fit_params_err": [
            12729.115840278258,
            0.01939948671499665,
            0.01939948675733091
        ],
        "low_rms_limit": 4.889938589972323,
        "high_rms_limit": 7.308507496282428,
        "method": "lsqfit",
        "fit_params": [
            305410.93504214793,
            0.4030948177183508,
            6.099223043127376
        ],
        "bl_num": 6181878
    },
    "GD35A": {
        "fit_params_err": [
            935.403953676119,
            0.0043339381587699155,
            0.0043339201662817555
        ],
        "low_rms_limit": 5.510600046416121,
        "high_rms_limit": 8.03225958273158,
        "method": "lsqfit",
        "fit_params": [
            104742.33742562462,
            0.4202765893859099,
            6.7714298145738505
        ],
        "bl_num": 2093479
    },
    "GD61A": {
        "fit_params_err": [
            1074.4850718275222,
            0.005297353944455816,
            0.005296992851713205
        ],
        "low_rms_limit": 5.426447950751822,
        "high_rms_limit": 8.138294772166484,
        "method": "lsqfit",
        "fit_params": [
            105863.0503955977,
            0.4519744702357772,
            6.782371361459153
        ],
        "bl_num": 2117950
    },
    "GD91A": {
        "fit_params_err": [
            648.4127479504839,
            0.0012691462020559565,
            0.001269146208628285
        ],
        "low_rms_limit": 3.5377620823016467,
        "high_rms_limit": 4.61181955599198,
        "method": "lsqfit",
        "fit_params": [
            105605.2549521288,
            0.17900957894838895,
            4.074790819146814
        ],
        "bl_num": 2111121
    },
    "GD89D": {
        "fit_params_err": [
            890.2714432466624,
            0.0027952949767229658,
            0.002795294986186426
        ],
        "low_rms_limit": 4.485101713743971,
        "high_rms_limit": 6.192137845145412,
        "method": "lsqfit",
        "fit_params": [
            104629.85665922103,
            0.2845060219002401,
            5.3386197794446915
        ],
        "bl_num": 2092218
    },
    "GD79C": {
        "fit_params_err": [
            856.3973378822533,
            0.003911510117100126,
            0.003911501188550545
        ],
        "low_rms_limit": 5.4826939815833535,
        "high_rms_limit": 7.944157338562129,
        "method": "lsqfit",
        "fit_params": [
            103715.34234536476,
            0.41024389282979584,
            6.713425660072741
        ],
        "bl_num": 2075681
    },
    "GD02C": {
        "fit_params_err": [
            821.9334071063258,
            0.0025317148117556245,
            0.0025317076065889434
        ],
        "low_rms_limit": 3.860687563980594,
        "high_rms_limit": 5.282550291524283,
        "method": "lsqfit",
        "fit_params": [
            88837.9365993469,
            0.23697712125728132,
            4.571618927752438
        ],
        "bl_num": 1774364
    },
    "GD79B": {
        "fit_params_err": [
            482.2619397303569,
            0.003031944862895874,
            0.0030224262668356425
        ],
        "low_rms_limit": 4.207964462395863,
        "high_rms_limit": 5.9717457435992864,
        "method": "lsqfit",
        "fit_params": [
            54104.49062153678,
            0.29396354686723725,
            5.089855102997575
        ],
        "bl_num": 1080952
    },
    "GD00D": {
        "fit_params_err": [
            939.0710371734395,
            0.0036162737590518705,
            0.003616273614999177
        ],
        "low_rms_limit": 4.9238134663103805,
        "high_rms_limit": 7.021425709114799,
        "method": "lsqfit",
        "fit_params": [
            104828.76892559761,
            0.34960204046740306,
            5.97261958771259
        ],
        "bl_num": 2095976
    },
    "GD32B": {
        "fit_params_err": [
            1559.3695572307583,
            0.004205675323017376,
            0.004205675337476967
        ],
        "low_rms_limit": 3.7973602899831693,