{
	"Gauss": {
		"0": {
			"func": "2.35482 * sqrt( [0] + [1] * x + [2] * x * x )",
			"params": {
				"0": 0.5415525114589328,
				"1": 0.0001000000000146053,
				"2": 9.448451297351803e-08
			}
		},
		"1": {
			"func": "2.35482 * sqrt( [0] + [1] * x + [2] * x * x )",
			"params": {
				"0": 0.7661448634824748,
				"1": 0.0003321358584667964,
				"2": 2.073275347433447e-08
			}
		},
		"2": {
			"func": "2.35482 * sqrt( [0] + [1] * x + [2] * x * x )",
			"params": {
				"0": 0.8979436564608716,
				"1": 0.0002970587354011047,
				"2": 1.197549756926097e-13
			}
		},
		"3": {
			"func": "2.35482 * sqrt( [0] + [1] * x + [2] * x * x )",
			"params": {
				"0": 1.003987254169202,
				"1": 0.0004026745521019231,
				"2": 2.19824158875781e-22
			}
		},
		"4": {
			"func": "2.35482 * sqrt( [0] + [1] * x + [2] * x * x )",
			"params": {
				"0": 1.605403446456669,
				"1": 0.0001000000070979513,
				"2": 9.828232399687754e-08
			}
		},
		"5": {
			"func": "2.35482 * sqrt( [0] + [1] * x + [2] * x * x )",
			"params": {
				"0": 2.011213296633571,
				"1": 0.0001000001902879289,
				"2": 1.584303141309937e-07
			}
		},
		"6": {
			"func": "2.35482 * sqrt( [0] + [1] * x + [2] * x * x )",
			"params": {
				"0": 2.853360676811927,
				"1": 0.0001000002972135249,
				"2": 1.18117680965807e-07
			}
		},
		"7": {
			"func": "2.35482 * sqrt( [0] + [1] * x + [2] * x * x )",
			"params": {
				"0": 0,
				"1": 0,
				"2": 0
			}
		},
		"8": {
			"func": "2.35482 * sqrt( [0] + [1] * x + [2] * x * x )",
			"params": {
				"0": 1.054042701460333,
				"1": 0.0004894225471216715,
				"2": 4.032072535853359e-15
			}
		},
		"9": {
			"func": "2.35482 * sqrt( [0] + [1] * x + [2] * x * x )",
			"params": {
				"0": 1.436554253617209,
				"1": 0.0003346410900479116,
				"2": 9.099126720383164e-08
			}
		},
		"10": {
			"func": "2.35482 * sqrt( [0] + [1] * x + [2] * x * x )",
			"params": {
				"0": 1.849248172247068,
				"1": 0.000100000002373958,
				"2": 1.679084261153471e-07
			}
		},
		"11": {
			"func": "2.35482 * sqrt( [0] + [1] * x + [2] * x * x )",
			"params": {
				"0": 0.3728344641468972,
				"1": 0.0003722137131797955,
				"2": 3.952747097635267e-14
			}
		},
		"12": {
			"func": "2.35482 * sqrt( [0] + [1] * x + [2] * x * x )",
			"params": {
				"0": 0.7138698658939742,
				"1": 0.0004426007059630556,
				"2": 3.237575311842989e-14
			}
		},
		"13": {
			"func": "2.35482 * sqrt( [0] + [1] * x + [2] * x * x )",
			"params": {
				"0": 0.9843321055682834,
				"1": 0.000100000018472828,
				"2": 2.067626958044329e-07
			}
		},
		"14": {
			"func": "2.35482 * sqrt( [0] + [1] * x + [2] * x * x )",
			"params": {
				"0": 0.8078557027773907,
				"1": 0.000100000000000043,
				"2": 1.056907821495635e-07
			}
		},
		"15": {
			"func": "2.35482 * sqrt( [0] + [1] * x + [2] * x * x )",
			"params": {
				"0": 0.9015788145476227,
				"1": 0.0005238719880310057,
				"2": 9.867617657643991e-14
			}
		},
		"16": {
			"func": "2.35482 * sqrt( [0] + [1] * x + [2] * x * x )",
			"params": {
				"0": 1.312067386313635,
				"1": 0.0004020427397827032,
				"2": 1.177477830238693e-13
			}
		},
		"17": {
			"func": "2.35482 * sqrt( [0] + [1] * x + [2] * x * x )",
			"params": {
				"0": 0,
				"1": 0.0001,
				"2": 0
			}
		},
		"18": {
			"func": "2.35482 * sqrt( [0] + [1] * x + [2] * x * x )",
			"params": {
				"0": 2.220446049250313e-16,
				"1": 0.0001,
				"2": 0
			}
		},
		"19": {
			"func": "2.35482 * sqrt( [0] + [1] * x + [2] * x * x )",
			"params": {
				"0": 0.2734773192951605,
				"1": 0.0004031920418999813,
				"2": 8.643315416723141e-15
			}
		},
		"20": {
			"func": "2.35482 * sqrt( [0] + [1] * x + [2] * x * x )",
			"params": {
				"0": 0.5606955589587244,
				"1": 0.0004611194268475754,
				"2": 0
			}
		},
		"21": {
			"func": "2.35482 * sqrt( [0] + [1] * x + [2] * x * x )",
			"params": {
				"0": 0.7643835910185979,
				"1": 0.0001000000000054815,
				"2": 7.104055521016283e-08
			}
		},
		"22": {
			"func": "2.35482 * sqrt( [0] + [1] * x + [2] * x * x )",
			"params": {
				"0": 0.6849386592081483,
				"1": 0.0003177026362391791,
				"2": 4.082127757154552e-14
			}
		},
		"23": {
			"func": "2.35482 * sqrt( [0] + [1] * x + [2] * x * x )",
			"params": {
				"0": 0.9475766613764518,
				"1": 0.0007220377359754394,
				"2": 5.963521995222542e-14
			}
		},
		"24": {
			"func": "2.35482 * sqrt( [0] + [1] * x + [2] * x * x )",
			"params": {
				"0": 0.9140773979978436,
				"1": 0.0003839404028719596,
				"2": 1.603408003036933e-15
			}
		},
		"25": {
			"func": "2.35482 * sqrt( [0] + [1] * x + [2] * x * x )",
			"params": {
				"0": 3.999999999999852,
				"1": 0.0001000000000000504,
				"2": 1.304319672490308e-07
			}
		},
		"26": {
			"func": "2.35482 * sqrt( [0] + [1] * x + [2] * x * x )",
			"params": {
				"0": 1.036646927276414,
				"1": 0.0003696022813738456,
				"2": 1.59495298868671e-08
			}
		},
		"27": {
			"func": "2.35482 * sqrt( [0] + [1] * x + [2] * x * x )",
			"params": {
				"0": 1.604298949505606,
				"1": 0.0009999999349416535,
				"2": 5.96843056033032e-08
			}
		},
		"28": {
			"func": "2.35482 * sqrt( [0] + [1] * x + [2] * x * x )",
			"params": {
				"0": 1.437121052382176,
				"1": 0.0008410025782168826,
				"2": 1.490491021871598e-13
			}
		},
		"29": {
			"func": "2.35482 * sqrt( [0] + [1] * x + [2] * x * x )",
			"params": {
				"0": 1.094389349795914,
				"1": 0.0005078556441806027,
				"2": 1.121071819193409e-11
			}
		},
		"30": {
			"func": "2.35482 * sqrt( [0] + [1] * x + [2] * x * x )",
			"params": {
				"0": 1.460328831317167,
				"1": 0.0001000000288304411,
				"2": 9.206224396956186e-08
			}
		},
		"31": {
			"func": "2.35482 * sqrt( [0] + [1] * x + [2] * x * x )",
			"params": {
				"0": 0.7456924974150809,
				"1": 0.0001000000013846402,
				"2": 9.492395024170298e-08
			}
		},
		"32": {
			"func": "2.35482 * sqrt( [0] + [1] * x + [2] * x * x )",
			"params": {
				"0": 0.5551923006192987,
				"1": 0.0004319172586102,
				"2": 5.79789137921567e-08
			}
		},
		"33": {
			"func": "2.35482 * sqrt( [0] + [1] * x + [2] * x * x )",
			"params": {
				"0": 0.9023004696543124,
				"1": 0.0001000000036563105,
				"2": 9.878253368511109e-08
			}
		},
		"34": {
			"func": "2.35482 * sqrt( [0] + [1] * x + [2] * x * x )",
			"params": {
				"0": 0.9839934485510824,
				"1": 0.0004496714735050339,
				"2": 3.634769425775453e-14
			}
		},
		"35": {
			"func": "2.35482 * sqrt( [0] + [1] * x + [2] * x * x )",
			"params": {
				"0": 1.29983755911799,
				"1": 0.0001000000156561938,
				"2": 9.019152125933977e-08
			}
		},
		"36": {
			"func": "2.35482 * sqrt( [0] + [1] * x + [2] * x * x )",
			"params": {
				"0": 1.092070661343,
				"1": 0.0005637645876934702,
				"2": 1.642062022355617e-14
			}
		},
		"37": {
			"func": "2.35482 * sqrt( [0] + [1] * x + [2] * x * x )",
			"params": {
				"0": 0.6107796175052362,
				"1": 0.0008087521528595265,
				"2": 5.183046672851966e-14
			}
		},
		"38": {
			"func": "2.35482 * sqrt( [0] + [1] * x + [2] * x * x )",
			"params": {
				"0": 1.70291809151553,
				"1": 0.0001000000341142337,
				"2": 2.967482366173172e-08
			}
		},
		"39": {
			"func": "2.35482 * sqrt( [0] + [1] * x + [2] * x * x )",
			"params": {
				"0": 1.059214902522778,
				"1": 0.0009734730209181811,
				"2": 4.301454512578573e-15
			}
		}
	}
}